Workbook

Sheet Rúbrica Resultados Globales
A2: A) | B2: Definiciones a nivel micro (rúbrica)
C4: Nivel de logro
C5: Óptimo | D5: Satisfactorio | E5: Base | F5: Por Mejorar | G5: No observado
C6: (4 puntos) | D6: (3 puntos) | E6: (2 puntos) | F6: (1 punto) | G6: (0 punto)
C7: El desempeño descrito se logra completamente | D7: El desempeño descrito se logra, sin embargo, presenta algunas imprecisiones. | E7: El desempeño descrito se logra de forma mínima | F7: El desempeño descrito se presenta de forma errónea y/o no se ajusta a lo solicitado | G7: El desempeño descrito no es observado dada la ausencia de acciones o productos
A9: B) | B9: Definiciones a nivel macro (EPI)
B10: El presente documento tiene por objetivo especificar los criterios que dan origen a las definiciones del indicador global de EPI. Entendemos que la EPI es una evaluación formativa, donde existe una diversidad de instrumentos y exigencias asociadas a ellos que responde a la especificidad de cada disciplina. Sin embargo, desde el nivel central el foco se sitúa fundamentalmente en detectar las necesidades de apoyo necesarias que requeriría el estudiantado para continuar su ciclo de profundización, y, en otro casos, para detectar los niveles de autonomía que presentan los/las estudiantes para transitar al ciclo de profundización. En este contexto, los términos utilizados la columna “Justificación” de la siguiente tabla, como; “buen nivel”, “apropiado”,” mínimo”, deben entenderse en el contexto específico y situado de cada evaluación.
C15: Categorías
C16: Óptimo | D16: Satisfactorio | E16: Base | F16: Por Mejorar
B17: Porcentajes | C17: 100%-85% | D17: 84% - 65% | E17: 64% - 50% | F17: 0% - 49%
B18: Definiciones | C18: Los resultados obtenidos por el/la estudiante en la Evaluación de Perfil Intermedio evidencian que ha logrado los aprendizajes clave del Ciclo Básico de formación que le permiten continuar con su trayectoria formativa en el Ciclo de Profundización y/ Especialización, con autonomía, avanzando en el desarrollo de los desempeños evidenciados. | D18: Los resultados obtenidos por el/la estudiante en la Evaluación de Perfil Intermedio evidencian que ha logrado los aprendizajes clave del Ciclo Básico de formación que le permiten continuar con su trayectoria formativa en el Ciclo de Profundización y/o Especialización, con autonomía. Sin embargo, se evidencian aspectos específicos y acotados en que es necesario fortalecer los desempeños. | E18: Los resultados obtenidos por el/la estudiante en la Evaluación de Perfil Intermedio evidencian que el logro de los aprendizajes clave del Ciclo Básico de formación se cumplen de manera mínimay requieren ser fortalecidos durante el Ciclo de Profundización y/o Especialización, para apoyar la continuidad de la trayectoria formativa. | F18: Los resultados obtenidos por el/la estudiante en la Evaluación de Perfil Intermedio evidencian que no se han logrado los aprendizajes clave del Ciclo Básico de formación , requiriendo de acciones de apoyo en el Ciclo de Profundización y/o Especialización que favorezcan el desarrollo de los desempeños evaluados y aseguren la continuidad de la trayectoria formativa. | H18: El/la estudiante en la Evaluación de Perfil Intermedio no presenta respuestas, lo que no permite evidenciar el logro de los aprendizajes clave del Ciclo Básico de formación.
C19: El/la estudiante avanza con autonomía al Ciclo de Profundización y/o Especialización. Cuenta con desempeños relevantes para la continuidad de su trayectoria formativa | E19: El/la estudiante avanza al Ciclo de Profundización y/o Especialización con apoyos adicionales para desarrollar los aprendizajes prioritarios que permiten dar continuidad a su trayectoria formativa
C20: Acciones de fortalecimiento de las trayectorias formativas
B21: Justificación | C21: Dado el carácter formativo de esta evaluación, se define este nivel a partir del 85% ya que a partir de este porcentaje se evidencia con claridad un buen nivel de conocimientos teórico-disciplinares de los contenidos, así como un muy buen manejo metodológico/práctico de estos, sin necesitar apoyos especificos. | D21: Dado el carácter formativo de esta evaluación, se define este nivel a partir del 65% y no del 70% en función del criterio de la autonomía para poder continuar hacia el ciclo de profundización, siendo el 65% un nivel de solidez suficiente para aquello, demostrando un conocimiento apropiado de los conocimientos teórico-disciplinares y un manejo apropiado metodológico/práctico de estos. Esto también obedece a la diversidad de EPIs existentes y a los distintos niveles de exigencia de los distintos instrumentos. | E21: Dado el carácter formativo de la evaluación, se define este nivel a partir del 50% ya que el/la estudiante demuestra un conocimiento/manejo básico de los contenidos/habilidades esenciales, sin embargo el nivel de profundidad de este manejo es superficial/parcial/insuficiente. logrando solo a mitad del puntaje. El nivel de profundidad de los aprendizajes logrados y la consecuente necesidad de apoyos predominan para definir los porcentajes de logro de este nivel. | F21: Dado el carácter formativo de la evaluación, se define este nivel como porcentajes de logro menores al 50%, ya que el/la estudiante no alcanza un mínimo de conocimiento ni manejo de contenidos y habilidades esperadas, evidenciando la necesidad de apoyos para poder transitar al ciclo de profundización.

Sheet Rúbrica situación evaluativa 

Sheet Resultados Individuales
A1: DATOS DE ESTUDIANTES DE LA COHORTE | K1: Actividad problema 1 No observado: 0 puntos Nivel Bajo: 1 punto Nivel Medio: 2 puntos Nivel Óptimo: 3 puntos Nivel Satisfactorio: 4 puntos | W1: Resultado General por estudiante
A3: RUT ESTUDIANTE | B3: DV | C3: NOMBRE COMPLETO | D3: PRIMER APELLIDO (Apellido paterno) | E3: SEGUNDO APELLIDO (Apellido materno) | F3: NOMBRES | G3: ESTADO DE HABILITACIÓN PARA RENDIR | H3: ESTATUS DE RENDICIÓN | I3: FECHA DE RENDICIÓN | J3: JUSTIFICACIÓN DE NO RENDICIÓN | K3: FORMULACIÓN DEL PROBLEMA | L3: MARCO TEÓRICO | M3: CONCEPTUALIZACIÓN DEL PROBLEMA | N3: OBJETIVO GENERAL | O3: OBJETIVOS ESPECÍFICOS | P3: HIPÓTESIS DE INVESTIGACIÓN | Q3: IDENTIFICACIÓN DEL PARADIGMA | R3: TIPO DE INFORMACIÓN | S3: TÉCNICAS DE INVESTIGACIÓN | T3: IMPORTANCIA Y ALCANCES DE LA INVESTIGACIÓN | U3: FUNDAMENTACIÓN | V3: ASPECTOS FORMALES | W3: PUNTAJE TOTAL ESTUDIANTE | X3: PORCENTAJE DE LOGRO | Y3: CATEGORÍA RESULTADO GLOBAL ESTUDIANTE
A4: 18118620 | B4: 8 | C4: HUGO ANDRES VEGA JARAMILLO | D4: VEGA | E4: JARAMILLO | F4: HUGO ANDRES | G4: Interrupción voluntaria (no rinde EPI 2025) | H4: No aplica | J4: No aplica | W4: =SUM(K4:V4) -> 0 | X4: =W4/24 -> 0 | Y4: =IF(H4="Rendida ",IF('Resultados Individuales'!X4<49.5%,"Por Mejorar",IF('Resultados Individuales'!X4<64.5%,"Base",IF('Resultados Individuales'!X4<84.5%,"Satisfactorio","Óptimo"))),"No rendida o no válida") -> No rendida o no válida
A5: 20635238 | B5: 8 | C5: CRISTIAN ANDRÉS QUILODRÁN HIDALGO | D5: QUILODRÁN | E5: HIDALGO | F5: CRISTIAN ANDRÉS | G5: Interrupción voluntaria (no rinde EPI 2025) | H5: No aplica | J5: No aplica | W5: =SUM(K5:V5) -> 0 | X5: =W5/24 -> 0 | Y5: =IF(H5="Rendida ",IF('Resultados Individuales'!X5<49.5%,"Por Mejorar",IF('Resultados Individuales'!X5<64.5%,"Base",IF('Resultados Individuales'!X5<84.5%,"Satisfactorio","Óptimo"))),"No rendida o no válida") -> No rendida o no válida
A6: 20788538 | B6: K | C6: TOMÁS ALONSO PÉNDOLA ROJAS | D6: PÉNDOLA | E6: ROJAS | F6: TOMÁS ALONSO | G6: Avance curricular suficiente o adecuado para evaluar ciclo básico | H6: Rendida | I6: 45737 | K6: 3 | L6: 3 | M6: 3 | N6: 3 | O6: 3 | P6: 3 | Q6: 1 | R6: 2 | S6: 2 | T6: 1 | U6: 1 | V6: 3 | W6: =SUM(K6:V6) -> 28 | X6: =W6/27 -> 1.037037 | Y6: =IF(H6="Rendida ",IF('Resultados Individuales'!X6<49.5%,"Por Mejorar",IF('Resultados Individuales'!X6<64.5%,"Base",IF('Resultados Individuales'!X6<84.5%,"Satisfactorio","Óptimo"))),"No rendida o no válida") -> Óptimo
A7: 20945966 | B7: 3 | C7: CÉSAR MAURICIO ESPINOZA GUAJARDO | D7: ESPINOZA | E7: GUAJARDO | F7: CÉSAR MAURICIO | G7: Avance curricular suficiente o adecuado para evaluar ciclo básico | H7: Rendida | I7: 45737 | K7: 2 | L7: 2 | M7: 1 | N7: 2 | O7: 1 | P7: 3 | Q7: 3 | R7: 1 | S7: 2 | T7: 2 | U7: 3 | V7: 4 | W7: =SUM(K7:V7) -> 26 | X7: =W7/27 -> 0.96296296 | Y7: =IF(H7="Rendida ",IF('Resultados Individuales'!X7<49.5%,"Por Mejorar",IF('Resultados Individuales'!X7<64.5%,"Base",IF('Resultados Individuales'!X7<84.5%,"Satisfactorio","Óptimo"))),"No rendida o no válida") -> Óptimo
A8: 21040024 | B8: 9 | C8: VIOLETA PAZ RIVERA SEPÚLVEDA | D8: RIVERA | E8: SEPÚLVEDA | F8: VIOLETA PAZ | G8: Avance curricular suficiente o adecuado para evaluar ciclo básico | H8: Rendida | I8: 38432 | K8: 1 | L8: 1 | M8: 1 | N8: 1 | O8: 1 | P8: 1 | Q8: 3 | R8: 1 | S8: 1 | T8: 2 | U8: 2 | V8: 2 | W8: =SUM(K8:V8) -> 17 | X8: =W8/27 -> 0.62962963 | Y8: =IF(H8="Rendida ",IF('Resultados Individuales'!X8<49.5%,"Por Mejorar",IF('Resultados Individuales'!X8<64.5%,"Base",IF('Resultados Individuales'!X8<84.5%,"Satisfactorio","Óptimo"))),"No rendida o no válida") -> Base
A9: 21074542 | B9: 4 | C9: ALEX MIGUEL GARRIDO CAYETANO | D9: GARRIDO | E9: CAYETANO | F9: ALEX MIGUEL | G9: Avance curricular suficiente o adecuado para evaluar ciclo básico | H9: Rendida | I9: 45737 | K9: 4 | L9: 3 | M9: 3 | N9: 3 | O9: 3 | P9: 1 | Q9: 3 | R9: 3 | S9: 3 | T9: 1 | U9: 1 | V9: 3 | W9: =SUM(K9:V9) -> 31 | X9: =W9/27 -> 1.1481481 | Y9: =IF(H9="Rendida ",IF('Resultados Individuales'!X9<49.5%,"Por Mejorar",IF('Resultados Individuales'!X9<64.5%,"Base",IF('Resultados Individuales'!X9<84.5%,"Satisfactorio","Óptimo"))),"No rendida o no válida") -> Óptimo
A10: 21141863 | B10: K | C10: FERNANDA ISIDORA DUARTE GUTIÉRREZ | D10: DUARTE | E10: GUTIÉRREZ | F10: FERNANDA ISIDORA | G10: Avance curricular suficiente o adecuado para evaluar ciclo básico | H10: Rendida | I10: 45737 | K10: 1 | L10: 2 | M10: 1 | N10: 2 | O10: 3 | P10: 2 | Q10: 1 | R10: 1 | S10: 4 | T10: 2 | U10: 0 | V10: 0 | W10: =SUM(K10:V10) -> 19 | X10: =W10/27 -> 0.7037037 | Y10: =IF(H10="Rendida ",IF('Resultados Individuales'!X10<49.5%,"Por Mejorar",IF('Resultados Individuales'!X10<64.5%,"Base",IF('Resultados Individuales'!X10<84.5%,"Satisfactorio","Óptimo"))),"No rendida o no válida") -> Satisfactorio
A11: 21159702 | B11: K | C11: FELIPE IGNACIO GARRIDO CORREA | D11: GARRIDO | E11: CORREA | F11: FELIPE IGNACIO | G11: Avance curricular suficiente o adecuado para evaluar ciclo básico | H11: Rendida | I11: 45737 | K11: 1 | L11: 1 | M11: 1 | N11: 1 | O11: 1 | P11: 1 | Q11: 1 | R11: 1 | S11: 1 | T11: 1 | U11: 1 | V11: 2 | W11: =SUM(K11:V11) -> 13 | X11: =W11/27 -> 0.48148148 | Y11: =IF(H11="Rendida ",IF('Resultados Individuales'!X11<49.5%,"Por Mejorar",IF('Resultados Individuales'!X11<64.5%,"Base",IF('Resultados Individuales'!X11<84.5%,"Satisfactorio","Óptimo"))),"No rendida o no válida") -> Por Mejorar
A12: 21175341 | B12: 2 | C12: MATÍAS ALBERTO GAETE FUENTES | D12: GAETE | E12: FUENTES | F12: MATÍAS ALBERTO | G12: Avance curricular suficiente o adecuado para evaluar ciclo básico | H12: Rendida | I12: 45737 | K12: 1 | L12: 2 | M12: 1 | N12: 1 | O12: 1 | P12: 2 | Q12: 1 | R12: 2 | S12: 2 | T12: 2 | U12: 2 | V12: 4 | W12: =SUM(K12:V12) -> 21 | X12: =W12/27 -> 0.77777778 | Y12: =IF(H12="Rendida ",IF('Resultados Individuales'!X12<49.5%,"Por Mejorar",IF('Resultados Individuales'!X12<64.5%,"Base",IF('Resultados Individuales'!X12<84.5%,"Satisfactorio","Óptimo"))),"No rendida o no válida") -> Satisfactorio
A13: 21195381 | B13: 0 | C13: SOPHIA AMARA MAC-LEAN ILLANES | D13: MAC-LEAN | E13: ILLANES | F13: SOPHIA AMARA | G13: Avance curricular suficiente o adecuado para evaluar ciclo básico | H13: Rendida | I13: 45737 | K13: 2 | L13: 1 | M13: 1 | N13: 1 | O13: 1 | P13: 1 | Q13: 1 | R13: 1 | S13: 1 | T13: 0 | U13: 0 | V13: 0 | W13: =SUM(K13:V13) -> 10 | X13: =W13/27 -> 0.37037037 | Y13: =IF(H13="Rendida ",IF('Resultados Individuales'!X13<49.5%,"Por Mejorar",IF('Resultados Individuales'!X13<64.5%,"Base",IF('Resultados Individuales'!X13<84.5%,"Satisfactorio","Óptimo"))),"No rendida o no válida") -> Por Mejorar
A14: 21198075 | B14: 3 | C14: KARLA BELÉN ROMO GARCÍA | D14: ROMO | E14: GARCÍA | F14: KARLA BELÉN | G14: Avance curricular suficiente o adecuado para evaluar ciclo básico | H14: Rendida | I14: 45737 | K14: 2 | L14: 1 | M14: 1 | N14: 2 | O14: 1 | P14: 3 | Q14: 2 | R14: 2 | S14: 2 | T14: 0 | U14: 0 | V14: 0 | W14: =SUM(K14:V14) -> 16 | X14: =W14/27 -> 0.59259259 | Y14: =IF(H14="Rendida ",IF('Resultados Individuales'!X14<49.5%,"Por Mejorar",IF('Resultados Individuales'!X14<64.5%,"Base",IF('Resultados Individuales'!X14<84.5%,"Satisfactorio","Óptimo"))),"No rendida o no válida") -> Base
A15: 21226452 | B15: 0 | C15: MARTINA PAZ ALFARO VALDÉS | D15: ALFARO | E15: VALDÉS | F15: MARTINA PAZ | G15: Interrupción voluntaria (no rinde EPI 2025) | H15: No aplica | J15: No aplica | W15: =SUM(K15:V15) -> 0 | X15: =W15/27 -> 0 | Y15: =IF(H15="Rendida ",IF('Resultados Individuales'!X15<49.5%,"Por Mejorar",IF('Resultados Individuales'!X15<64.5%,"Base",IF('Resultados Individuales'!X15<84.5%,"Satisfactorio","Óptimo"))),"No rendida o no válida") -> No rendida o no válida
A16: 21263047 | B16: 0 | C16: RUZÉ SCARLET CABELLO JIMÉNEZ | D16: CABELLO | E16: JIMÉNEZ | F16: RUZÉ SCARLET | G16: Avance curricular suficiente o adecuado para evaluar ciclo básico | H16: Rendida | I16: 45737 | K16: 1 | L16: 1 | M16: 1 | N16: 1 | O16: 2 | P16: 3 | Q16: 3 | R16: 1 | S16: 1 | T16: 4 | U16: 2 | V16: 0 | W16: =SUM(K16:V16) -> 20 | X16: =W16/24 -> 0.83333333 | Y16: =IF(H16="Rendida ",IF('Resultados Individuales'!X16<49.5%,"Por Mejorar",IF('Resultados Individuales'!X16<64.5%,"Base",IF('Resultados Individuales'!X16<84.5%,"Satisfactorio","Óptimo"))),"No rendida o no válida") -> Satisfactorio
A17: 21276905 | B17: 3 | C17: FLORENCIA DEL CARMEN PASTENES ALVARADO | D17: PASTENES | E17: ALVARADO | F17: FLORENCIA DEL CARMEN | G17: Avance curricular suficiente o adecuado para evaluar ciclo básico | H17: Rendida | I17: 45737 | K17: 1 | L17: 2 | M17: 2 | N17: 1 | O17: 1 | P17: 1 | Q17: 2 | R17: 2 | S17: 2 | T17: 2 | U17: 2 | V17: 2 | W17: =SUM(K17:V17) -> 20 | X17: =W17/27 -> 0.74074074 | Y17: =IF(H17="Rendida ",IF('Resultados Individuales'!X17<49.5%,"Por Mejorar",IF('Resultados Individuales'!X17<64.5%,"Base",IF('Resultados Individuales'!X17<84.5%,"Satisfactorio","Óptimo"))),"No rendida o no válida") -> Satisfactorio
A18: 21277884 | B18: 2 | C18: LEANDRO ANDRÉS SUÁREZ SOTO | D18: SUÁREZ | E18: SOTO | F18: LEANDRO ANDRÉS | G18: Avance curricular suficiente o adecuado para evaluar ciclo básico | H18: Rendida | I18: 45737 | K18: 4 | L18: 3 | M18: 3 | N18: 1 | O18: 1 | P18: 2 | Q18: 2 | R18: 4 | S18: 4 | T18: 3 | U18: 3 | V18: 3 | W18: =SUM(K18:V18) -> 33 | X18: =W18/27 -> 1.2222222 | Y18: =IF(H18="Rendida ",IF('Resultados Individuales'!X18<49.5%,"Por Mejorar",IF('Resultados Individuales'!X18<64.5%,"Base",IF('Resultados Individuales'!X18<84.5%,"Satisfactorio","Óptimo"))),"No rendida o no válida") -> Óptimo
A19: 21290549 | B19: 6 | C19: MAITE SAYEN ROJAS SAAVEDRA | D19: ROJAS | E19: SAAVEDRA | F19: MAITE SAYEN | G19: Avance curricular suficiente o adecuado para evaluar ciclo básico | H19: Rendida | I19: 45737 | K19: 2 | L19: 1 | M19: 1 | N19: 1 | O19: 2 | P19: 3 | Q19: 1 | R19: 1 | S19: 3 | T19: 1 | U19: 1 | V19: 1 | W19: =SUM(K19:V19) -> 18 | X19: =W19/27 -> 0.66666667 | Y19: =IF(H19="Rendida ",IF('Resultados Individuales'!X19<49.5%,"Por Mejorar",IF('Resultados Individuales'!X19<64.5%,"Base",IF('Resultados Individuales'!X19<84.5%,"Satisfactorio","Óptimo"))),"No rendida o no válida") -> Satisfactorio
A20: 21292276 | B20: 5 | C20: ALEJANDRO JESÚS CERÓN DUQUE | D20: CERÓN | E20: DUQUE | F20: ALEJANDRO JESÚS | G20: Avance curricular suficiente o adecuado para evaluar ciclo básico | H20: Rendida | I20: 45737 | K20: 3 | L20: 3 | M20: 2 | N20: 2 | O20: 2 | P20: 2 | Q20: 2 | R20: 3 | S20: 3 | T20: 1 | U20: 2 | V20: 4 | W20: =SUM(K20:V20) -> 29 | X20: =W20/27 -> 1.0740741 | Y20: =IF(H20="Rendida ",IF('Resultados Individuales'!X20<49.5%,"Por Mejorar",IF('Resultados Individuales'!X20<64.5%,"Base",IF('Resultados Individuales'!X20<84.5%,"Satisfactorio","Óptimo"))),"No rendida o no válida") -> Óptimo
A21: 21312688 | B21: 1 | C21: SEBASTIÁN BERNARDO SAGREDO ORELLANA | D21: SAGREDO | E21: ORELLANA | F21: SEBASTIÁN BERNARDO | G21: Interrupción voluntaria (no rinde EPI 2025) | H21: No aplica | J21: No aplica | W21: =SUM(K21:V21) -> 0 | X21: =W21/27 -> 0 | Y21: =IF(H21="Rendida ",IF('Resultados Individuales'!X21<49.5%,"Por Mejorar",IF('Resultados Individuales'!X21<64.5%,"Base",IF('Resultados Individuales'!X21<84.5%,"Satisfactorio","Óptimo"))),"No rendida o no válida") -> No rendida o no válida
A22: 21349143 | B22: 1 | C22: BORJA ANDRÉS SALDIVIA RIVERA | D22: SALDIVIA | E22: RIVERA | F22: BORJA ANDRÉS | G22: Avance curricular suficiente o adecuado para evaluar ciclo básico | H22: Rendida | I22: 45737 | K22: 2 | L22: 2 | M22: 2 | N22: 3 | O22: 1 | P22: 2 | Q22: 2 | R22: 1 | S22: 2 | T22: 1 | U22: 1 | V22: 2 | W22: =SUM(K22:V22) -> 21 | X22: =W22/27 -> 0.77777778 | Y22: =IF(H22="Rendida ",IF('Resultados Individuales'!X22<49.5%,"Por Mejorar",IF('Resultados Individuales'!X22<64.5%,"Base",IF('Resultados Individuales'!X22<84.5%,"Satisfactorio","Óptimo"))),"No rendida o no válida") -> Satisfactorio
A23: 21386210 | B23: 3 | C23: TOMAS SEBASTIAN FUENTES URETA | D23: FUENTES | E23: URETA | F23: TOMAS SEBASTIAN | G23: Avance curricular suficiente o adecuado para evaluar ciclo básico | H23: Rendida | I23: 45737 | K23: 1 | L23: 1 | M23: 1 | N23: 3 | O23: 3 | P23: 3 | Q23: 2 | R23: 3 | S23: 2 | T23: 3 | U23: 1 | V23: 4 | W23: =SUM(K23:V23) -> 27 | X23: =W23/27 -> 1 | Y23: =IF(H23="Rendida ",IF('Resultados Individuales'!X23<49.5%,"Por Mejorar",IF('Resultados Individuales'!X23<64.5%,"Base",IF('Resultados Individuales'!X23<84.5%,"Satisfactorio","Óptimo"))),"No rendida o no válida") -> Óptimo
A24: 21436607 | B24: K | C24: IGNACIA MONSERRAT ZABALA SILVA | D24: ZABALA | E24: SILVA | F24: IGNACIA MONSERRAT | G24: Avance curricular suficiente o adecuado para evaluar ciclo básico | H24: Rendida | I24: 45737 | K24: 3 | L24: 3 | M24: 2 | N24: 3 | O24: 3 | P24: 2 | Q24: 1 | R24: 4 | S24: 2 | T24: 2 | U24: 2 | V24: 2 | W24: =SUM(K24:V24) -> 29 | X24: =W24/27 -> 1.0740741 | Y24: =IF(H24="Rendida ",IF('Resultados Individuales'!X24<49.5%,"Por Mejorar",IF('Resultados Individuales'!X24<64.5%,"Base",IF('Resultados Individuales'!X24<84.5%,"Satisfactorio","Óptimo"))),"No rendida o no válida") -> Óptimo
A25: 21462704 | B25: 3 | C25: LUCAS LEONIDAS GAJARDO HERNÁNDEZ | D25: GAJARDO | E25: HERNÁNDEZ | F25: LUCAS LEONIDAS | G25: Avance curricular suficiente o adecuado para evaluar ciclo básico | H25: Rendida | I25: 45737 | K25: 1 | L25: 1 | M25: 1 | N25: 1 | O25: 1 | P25: 1 | Q25: 1 | R25: 1 | S25: 1 | T25: 1 | U25: 1 | V25: 1 | W25: =SUM(K25:V25) -> 12 | X25: =W25/27 -> 0.44444444 | Y25: =IF(H25="Rendida ",IF('Resultados Individuales'!X25<49.5%,"Por Mejorar",IF('Resultados Individuales'!X25<64.5%,"Base",IF('Resultados Individuales'!X25<84.5%,"Satisfactorio","Óptimo"))),"No rendida o no válida") -> Por Mejorar
A26: 21496723 | B26: 5 | C26: JULIANNA NICOLE MAGAÑA ROJAS | D26: MAGAÑA | E26: ROJAS | F26: JULIANNA NICOLE | G26: Interrupción voluntaria (no rinde EPI 2025) | H26: No aplica | J26: No aplica | W26: =SUM(K26:V26) -> 0 | X26: =W26/27 -> 0 | Y26: =IF(H26="Rendida ",IF('Resultados Individuales'!X26<49.5%,"Por Mejorar",IF('Resultados Individuales'!X26<64.5%,"Base",IF('Resultados Individuales'!X26<84.5%,"Satisfactorio","Óptimo"))),"No rendida o no válida") -> No rendida o no válida
A27: 21500898 | B27: 3 | C27: ISIDORA FERNANDA ROCCO RIFFO | D27: ROCCO | E27: RIFFO | F27: ISIDORA FERNANDA | G27: Avance curricular suficiente o adecuado para evaluar ciclo básico | H27: Rendida | I27: 45737 | K27: 2 | L27: 2 | M27: 2 | N27: 2 | O27: 2 | P27: 2 | Q27: 2 | R27: 2 | S27: 1 | T27: 2 | U27: 2 | V27: 2 | W27: =SUM(K27:V27) -> 23 | X27: =W27/27 -> 0.85185185 | Y27: =IF(H27="Rendida ",IF('Resultados Individuales'!X27<49.5%,"Por Mejorar",IF('Resultados Individuales'!X27<64.5%,"Base",IF('Resultados Individuales'!X27<84.5%,"Satisfactorio","Óptimo"))),"No rendida o no válida") -> Óptimo
A28: 21515824 | B28: 1 | C28: JOSEFINA ALMENDRA ABALLAY VIÑAS | D28: ABALLAY | E28: VIÑAS | F28: JOSEFINA ALMENDRA | G28: Avance curricular suficiente o adecuado para evaluar ciclo básico | H28: Rendida | I28: 45737 | K28: 2 | L28: 1 | M28: 1 | N28: 3 | O28: 3 | P28: 1 | Q28: 2 | R28: 3 | S28: 3 | T28: 0 | U28: 0 | V28: 4 | W28: =SUM(K28:V28) -> 23 | X28: =W28/27 -> 0.85185185 | Y28: =IF(H28="Rendida ",IF('Resultados Individuales'!X28<49.5%,"Por Mejorar",IF('Resultados Individuales'!X28<64.5%,"Base",IF('Resultados Individuales'!X28<84.5%,"Satisfactorio","Óptimo"))),"No rendida o no válida") -> Óptimo
A29: 21528601 | B29: 0 | C29: FRANCISCO JAVIER PIZARRO RIVERA | D29: PIZARRO | E29: RIVERA | F29: FRANCISCO JAVIER | G29: Interrupción voluntaria (no rinde EPI 2025) | H29: No aplica | J29: No aplica | W29: =SUM(K29:V29) -> 0 | X29: =W29/27 -> 0 | Y29: =IF(H29="Rendida ",IF('Resultados Individuales'!X29<49.5%,"Por Mejorar",IF('Resultados Individuales'!X29<64.5%,"Base",IF('Resultados Individuales'!X29<84.5%,"Satisfactorio","Óptimo"))),"No rendida o no válida") -> No rendida o no válida
A30: 21552852 | B30: 9 | C30: VICENTE IGNACIO VERGARA ACUÑA | D30: VERGARA | E30: ACUÑA | F30: VICENTE IGNACIO | G30: Avance curricular suficiente o adecuado para evaluar ciclo básico | H30: Rendida | I30: 45737 | K30: 2 | L30: 2 | M30: 2 | N30: 1 | O30: 1 | P30: 1 | Q30: 4 | R30: 1 | S30: 2 | T30: 2 | U30: 2 | V30: 1 | W30: =SUM(K30:V30) -> 21 | X30: =W30/27 -> 0.77777778 | Y30: =IF(H30="Rendida ",IF('Resultados Individuales'!X30<49.5%,"Por Mejorar",IF('Resultados Individuales'!X30<64.5%,"Base",IF('Resultados Individuales'!X30<84.5%,"Satisfactorio","Óptimo"))),"No rendida o no válida") -> Satisfactorio
A31: 21573764 | B31: 0 | C31: TAMARA BELÉN GÓMEZ CALLATA | D31: GÓMEZ | E31: CALLATA | F31: TAMARA BELÉN | G31: Avance curricular suficiente o adecuado para evaluar ciclo básico | H31: Rendida | I31: 45737 | K31: 2 | L31: 1 | M31: 1 | N31: 1 | O31: 1 | P31: 1 | Q31: 1 | R31: 1 | S31: 1 | T31: 1 | U31: 1 | V31: 1 | W31: =SUM(K31:V31) -> 13 | X31: =W31/27 -> 0.48148148 | Y31: =IF(H31="Rendida ",IF('Resultados Individuales'!X31<49.5%,"Por Mejorar",IF('Resultados Individuales'!X31<64.5%,"Base",IF('Resultados Individuales'!X31<84.5%,"Satisfactorio","Óptimo"))),"No rendida o no válida") -> Por Mejorar
A32: 21586099 | B32: K | C32: BENJAMÍN FELIPE ANDRÉS SEPÚLVEDA RODRÍGUEZ | D32: SEPÚLVEDA | E32: RODRÍGUEZ | F32: BENJAMÍN FELIPE ANDRÉS | G32: Avance curricular suficiente o adecuado para evaluar ciclo básico | H32: Rendida | I32: 45737 | K32: 2 | L32: 2 | M32: 1 | N32: 1 | O32: 2 | P32: 2 | Q32: 2 | R32: 2 | S32: 2 | T32: 3 | U32: 1 | V32: 2 | W32: =SUM(K32:V32) -> 22 | X32: =W32/27 -> 0.81481481 | Y32: =IF(H32="Rendida ",IF('Resultados Individuales'!X32<49.5%,"Por Mejorar",IF('Resultados Individuales'!X32<64.5%,"Base",IF('Resultados Individuales'!X32<84.5%,"Satisfactorio","Óptimo"))),"No rendida o no válida") -> Satisfactorio
A33: 21625689 | B33: 1 | C33: ANTONIA DENISSE RÍOS FERNÁNDEZ | D33: RÍOS | E33: FERNÁNDEZ | F33: ANTONIA DENISSE | G33: Avance curricular suficiente o adecuado para evaluar ciclo básico | H33: Rendida | I33: 45737 | K33: 2 | L33: 3 | M33: 3 | N33: 3 | O33: 1 | P33: 3 | Q33: 4 | R33: 1 | S33: 1 | T33: 1 | U33: 1 | V33: 0 | W33: =SUM(K33:V33) -> 23 | X33: =W33/27 -> 0.85185185 | Y33: =IF(H33="Rendida ",IF('Resultados Individuales'!X33<49.5%,"Por Mejorar",IF('Resultados Individuales'!X33<64.5%,"Base",IF('Resultados Individuales'!X33<84.5%,"Satisfactorio","Óptimo"))),"No rendida o no válida") -> Óptimo
A34: 21670772 | B34: 9 | C34: FELIPE ISMAEL CAMBIAZO DÍAZ | D34: CAMBIAZO | E34: DÍAZ | F34: FELIPE ISMAEL | G34: Avance curricular suficiente o adecuado para evaluar ciclo básico | H34: Rendida | I34: 45737 | K34: 1 | L34: 1 | M34: 1 | N34: 1 | O34: 2 | P34: 0 | Q34: 0 | R34: 0 | S34: 0 | T34: 0 | U34: 0 | V34: 0 | W34: =SUM(K34:V34) -> 6 | X34: =W34/27 -> 0.22222222 | Y34: =IF(H34="Rendida ",IF('Resultados Individuales'!X34<49.5%,"Por Mejorar",IF('Resultados Individuales'!X34<64.5%,"Base",IF('Resultados Individuales'!X34<84.5%,"Satisfactorio","Óptimo"))),"No rendida o no válida") -> Por Mejorar
A35: 21673105 | B35: 0 | C35: VICTORIA ASUNCIÓN BERMUDES VIVEROS | D35: BERMUDES | E35: VIVEROS | F35: VICTORIA ASUNCIÓN | G35: Avance curricular suficiente o adecuado para evaluar ciclo básico | H35: Rendida | I35: 45737 | K35: 3 | L35: 4 | M35: 3 | N35: 3 | O35: 3 | P35: 0 | Q35: 0 | R35: 0 | S35: 0 | T35: 0 | U35: 0 | V35: 0 | W35: =SUM(K35:V35) -> 16 | X35: =W35/27 -> 0.59259259 | Y35: =IF(H35="Rendida ",IF('Resultados Individuales'!X35<49.5%,"Por Mejorar",IF('Resultados Individuales'!X35<64.5%,"Base",IF('Resultados Individuales'!X35<84.5%,"Satisfactorio","Óptimo"))),"No rendida o no válida") -> Base
A36: 21713392 | B36: 0 | C36: ALMENDRA ESPERANZA JARA ROJAS | D36: JARA | E36: ROJAS | F36: ALMENDRA ESPERANZA | G36: Avance curricular suficiente o adecuado para evaluar ciclo básico | H36: Rendida | I36: 45737 | K36: 3 | L36: 3 | M36: 2 | N36: 2 | O36: 1 | P36: 2 | Q36: 1 | R36: 2 | S36: 2 | T36: 3 | U36: 3 | V36: 3 | W36: =SUM(K36:V36) -> 27 | X36: =W36/27 -> 1 | Y36: =IF(H36="Rendida ",IF('Resultados Individuales'!X36<49.5%,"Por Mejorar",IF('Resultados Individuales'!X36<64.5%,"Base",IF('Resultados Individuales'!X36<84.5%,"Satisfactorio","Óptimo"))),"No rendida o no válida") -> Óptimo
A37: 21744128 | B37: 5 | C37: ANTONIO MUÑOZ VILLAGRA | D37: MUÑOZ | E37: VILLAGRA | F37: ANTONIO | G37: Interrupción voluntaria (no rinde EPI 2025) | H37: No aplica | J37: No aplica | W37: =SUM(K37:V37) -> 0 | X37: =W37/27 -> 0 | Y37: =IF(H37="Rendida ",IF('Resultados Individuales'!X37<49.5%,"Por Mejorar",IF('Resultados Individuales'!X37<64.5%,"Base",IF('Resultados Individuales'!X37<84.5%,"Satisfactorio","Óptimo"))),"No rendida o no válida") -> No rendida o no válida
W38: =SUM(K38:V38) -> 0 | X38: =W38/27 -> 0 | Y38: =IF(H38="Rendida ",IF('Resultados Individuales'!X38<49.5%,"Por Mejorar",IF('Resultados Individuales'!X38<64.5%,"Base",IF('Resultados Individuales'!X38<84.5%,"Satisfactorio","Óptimo"))),"No rendida o no válida") -> No rendida o no válida
K39: =SUM(K4:K38) -> 54 | L39: =SUM(L4:L38) -> 52 | M39: =SUM(M4:M38) -> 44 | N39: =SUM(N4:N38) -> 49 | O39: =SUM(O4:O38) -> 47 | P39: =SUM(P4:P38) -> 48 | Q39: =SUM(Q4:Q38) -> 48 | R39: =SUM(R4:R38) -> 46 | ... X39: =SUM(X4:X38) -> 20.981481

Sheet Resultados Grupales
D1: Actividad problema 1 Nivel de logro 1: 1 punto Nivel de logro 2: 2 puntos Nivel de logro 3: 3 puntos Nivel de logro 4: 4 puntos | P1: Resultados Generales Cohorte
A2: N Estudiantes habilitados para rendir | B2: N Estudiantes que rindieron | C2: Porcentaje de cobertura EPI | D2: FORMULACIÒN DEL PROBLEMA | E2: MARCO TEÓRICO | F2: CONCEPTUALIZACIÓN DEL PROBLEMA | G2: OBJETIVO GENERAL | H2: OBJETIVOS ESPECÍFICOS | I2: HIPÓTESIS DE INVESTIGACIÓN | J2: IDENTIFICACIÓN DEL PARADIGMA | K2: TIPO DE INFORMACIÓN | L2: TÉCNICAS DE INVESTIGACIÓN | M2: IMPORTANCIA Y ALCANCES DE LA INVESTIGACIÓN | N2: FUNDAMENTACIÓN | O2: ASPECTOS FORMALES | P2: PUNTAJE LOGRO | Q2: PORCENTAJE DE LOGRO EPI 2025 | R2: CATEGORÍA RESULTADO GLOBAL
A3: 28 | B3: 28 | C3: 1 | D3: 53 | E3: 52 | F3: 43 | G3: 46 | H3: 44 | I3: 47 | J3: 46 | K3: 43 | L3: 47 | M3: 41 | N3: 36 | O3: 46 | P3: 544

Sheet Validación datos NO BORRAR
E3: Estado de Habilitación para rendir | F3: ESTATUS DE RENDICIÓN | G3: JUSTIFICATIVO DE NO RENDICIÓN | H3: Puntaje según categoría
E4: Avance curricular suficiente o adecuado para evaluar ciclo básico | F4: Rendida | G4: Justifica | H4: 0
E5: Avance curricular insuficiente para evaluar ciclo básico (no rinde EPI 2025) | F5: No rendida | G5: No justifica | H5: 1
E6: EPI pendiente periodo anterior | F6: Rendida no válida | G6: No aplica | H6: 2
E7: Interrupción voluntaria (no rinde EPI 2025) | F7: No aplica | H7: 3
E8: Expulsión | H8: 4
E9: Retracto

Sheet ACCIONES
B2: NOMBRE DE LA FACULTAD
B3: NOMBRE DEL PROGRAMA ACADÉMICO
B4: PLAN DE ESTUDIO AÑO 2020
B6: Instrucciones: completar items en color azul. Se incorporan ejemplos que pueden se considerados por las unidades académicas para la elaboración de sus propuestas.
B8: ANÁLISIS Y TOMA DE DECISIONES BASADAS EN LA EVIDENCIA
B9: Se presentan, a continuación, las acciones planificadas considerando el análisis de los resultados de la aplicación EPI 2025. Estas acciones -consideradas para ser desarrolladas a corto, mediano y largo plazo- están orientadas a fortalecer el perfil intermedio intermedio del programa, teniendo a la vista las competencias con menores niveles de logro.
B10: N° | C10: TIPO DE ACCIÓN | D10: ACCIONES | L10: MEDIO DE VERIFICACIÓN
B11: I. | C11: CORTO PLAZO | D11: Actualmente trabajamos desde la dirección de carrera en un proyecto de innovación en docencia que incluye una evaluación cualitativa del funcionamiento del perfil intermedio. Este trabajo ha incluido una revisión de los contenidos y metodologías de la EPI además de entrevistas con profesores de los cursos de ciclo básico. - llevar a cabo una revisión inmediata de contenidos y metodologías programaciones de las actividades curriculares del ciclo básico -implementar evaluación diagnóstica durante ciclo básico, para detectar -de manera temprana- posibles dificultades que podrían interferir en el alcance del perfil intermedio. -integrar en programaciones de actividades curriculares de 3er año, ajustes que favorezcan el desarrollo de las compentencias que evidenciaron un menor logro en EPI. - ofrecer sesiones de refuerzo académico o tutorías personalizadas a estudiantes que han demostrado dificultades en la EPI, enfocándose en competencias en las que se hayan registrado debilidades. | L11: Preinforme proyecto
B12: II. | C12: MEDIANO PLAZO | D12: "Incoporamos en programaciones del ciclo básico, especialmente en cursos de metodología, actividades de aprendizaje y evaluaciones orientadas a favorecer las competencias más descendidas en la EPI. - analizar comparativamente las calificaciones obtenidas en el ciclo básico con los resultados de EPI, para evaluar nudos críticos en la implementación del plan de estudio que puedan ser abordados con anticipación." | L12: Programaciones de las actividades curriculares cursos metodología cualitativa y cuantitativas.
B13: III. | C13: LARGO PLAZO | D13: "Con los resultados del proyecto de innovación en docencia se proyecta la actualización del plan de estudios, reajustando programas, carga académica y ubicación de actividades curriculares en el ciclo básico.¨" | L13: Programas de actividades curriculares del ciclo básico, actualizadas

Sheet Hoja1
A1: POR MEJORAR | C1: RINDE
A2: SUFICIENTE | C2: NO RINDE
A3: SATISFACTORIO
A4: ÓPTIMO
